airport,AirTran Airways Corporation,Alaska Airlines Inc.,Allegiant Air,American Airlines Inc.,American Eagle Airlines Inc.,Delta Air Lines Inc.,Endeavor Air Inc.,Envoy Air,ExpressJet Airlines Inc.,ExpressJet Airlines LLC,Frontier Airlines Inc.,Hawaiian Airlines Inc.,Horizon Air,JetBlue Airways,Mesa Airlines Inc.,PSA Airlines Inc.,Republic Airline,SkyWest Airlines Inc.,Southwest Airlines Co.,Spirit Air Lines,US Airways Inc.,United Air Lines Inc.,Virgin America
ABE,,,1.0167452463102826,,,1.0018798206250774,1.0041908338897967,1.00332719901944,1.0119301050239577,1.0018756424018251,,,,,1.002492348153871,1.0068901806078336,1.0014403475066262,1.0087713060897985,,,,,
ABI,,,,,1.0185330789934888,,,1.0140229537330872,1.0039073984178968,,,,,,,,,1.0066167862778033,,,,,
ABQ,,1.0022055054953292,1.0016001376706645,1.0234976891871879,1.0137778810938436,1.0069956671792955,,1.0049938992514253,1.004909100513799,1.0022989723849831,1.0027633574812933,,1.000560290972636,1.0038947437991468,1.0174814990904038,,1.0020201809382578,1.0230637923529398,1.0823247727095207,1.0037474279821863,1.0008621248186136,1.0108133633253795,
ABR,,,,,,,,,,,,,,,,,,1.004762986158014,,,,,
ABY,,,,,,,1.0041154448418526,,1.0087325021010105,,,,,,,,,1.009801291298888,,,,,
ACK,,,,,,,1.0037736787591054,1.001847534354491,,,,,,1.01716110241281,,,1.0045992666078676,,,,,,
ACT,,,,,1.0100539446605725,,,1.0085239400797206,1.0127996660355323,,,,,,,,,1.0071170112092123,,,,,
ACV,,,,,,,,,,,,,,,,,,1.020245704766092,,,,,
ACY,,,,,,,,,1.0055223450113406,,,,,,,,,,,1.0345777192475902,,,
ADK,,1.0005610559620173,,,,,,,,,,,,,,,,,,,,,
ADQ,,1.0028147726328625,,,,,,,,,,,,,,,,,,,,,
AEX,,,,,1.0089406380830614,,1.005885928035704,1.006325070327094,1.0169704681839917,1.0067580861914278,,,,,,1.004370830578774,,1.0083025785024269,,,,,
AGS,,,,1.0021878696303184,,1.0053916915848966,1.007955926672488,1.0039106270449554,1.0129553788546959,,,,,,1.0076365766221573,1.0113885853532585,1.0034367785442917,1.0093976632725536,,,,1.0004466900495235,
AKN,,1.001166180093577,,,,,,,,,,,1.002601741635387,,,,,,,,,,
ALB,,,1.0039632746570848,1.0071296372839504,,1.0082822299289518,1.0057515387317988,1.0049124966099416,1.0076334300892211,1.002343983244565,1.0033664020711832,,,1.0086646302913247,1.002621102545211,1.0134598092539386,1.0056536244241785,1.0076631742529572,1.0320315716217563,,1.0033507699012159,1.0082534370973995,
ALO,,,,,1.0090853565429836,,,1.0047187471349082,,,,,,,,,,1.0091718331030246,,,,,
ALS,,,,,,,,,,,,,,,,,,1.0071711985195415,,,,,
ALW,,,,,,,,,,,,,1.0027773789473764,,,,,1.0015634151733317,,,,,
AMA,,,1.0014828894161047,1.0083481365690177,1.00549930147704,,,1.0074965636906679,1.0129867222321203,1.0075584818311862,,,,,1.018003515094332,,,1.0077734487043872,1.0146998620884968,,,,
ANC,,1.072606156363027,1.0,1.0081517778456812,,1.0122458167211288,,,,,1.001501121663024,,1.0185243427085067,1.0066323941861508,,,,,,,1.0021248494724886,1.0107966544504963,1.0007156156915833
APN,,,,,,,,,,,,,,,,,,1.0058338593777054,,,,,
ART,,,,,1.0068712780577187,,,1.003833329914787,,,,,,,,1.0066122282160734,,,,,,,
ASE,,,,,1.0084542928964886,,,1.0101238057220856,,,,,,,,,,1.0800829597370774,,,,,
ATL,1.242807412105488,1.0031449872537193,,1.0878730262627418,1.0502640257257003,2.440167971732031,1.2473938579618677,1.007209486238072,1.5114505823961328,1.0067747990844373,1.067351351577371,,,1.0361580518423423,1.0180525891631382,1.0093625269143491,1.046344494819964,1.128816776334197,1.241601305097384,1.0914661864573323,1.038739164818422,1.0389449834980273,
ATW,,,1.0104604835486817,,,1.003177967458261,1.00614246966634,1.005332932223901,1.0126519638788802,,,,,,,1.001905269803069,1.0024826242888474,1.0133675955636625,,,,,
ATY,,,,,,,,,,,,,,,,,,1.0043575070137174,,,,,
AUS,1.0026380658811722,1.0087932168055436,1.0122184207093656,1.1073655584153939,,1.0467517754733449,1.0042618737185558,1.037988336748772,1.0032520142563148,1.0004154347690901,1.0160290079568879,1.0018024776523342,1.0028044510715899,1.0233063113729122,1.0108577237846148,1.0001663692531388,1.0043763273976343,1.0235262284338935,1.1730738229139903,1.0200639247439145,1.0065552854738833,1.0551655053874311,1.007135645638049
AVL,,,1.0365413105848515,1.0175789247380442,,1.0057670254482802,1.0054618602556877,1.005839484817476,1.0123465592729444,1.0002279030864916,,,,1.0040801163998736,1.003999984046784,1.0147608807301371,1.004762060314805,1.0131787364245814,,1.0025235087213331,,1.004515796066517,
AVP,,,1.0004193416791443,1.0101338143331566,,1.0020616682961738,1.0029943784352202,1.0037652680099738,1.0110912835425863,1.0015934983807486,,,,,1.001930794948756,1.0066024576016985,1.0010764038085058,1.0078789158384855,,,,,
AZA,,,1.0800789778037139,,,,,,,,,,,,,,,,,,,,
AZO,,,,,1.0065066331193324,,1.00587096583049,1.006126710233296,1.0068421355566588,1.0025221274905058,,,,,,,,1.009058162921614,,,,,
BDL,1.0044521744496449,,,1.029124356976621,1.0089235453515748,1.0217671179656322,1.0063378763100495,1.0030637647056801,1.0111345589332628,1.000749801154557,1.0114429295641878,,,1.0490831675432555,1.005971481610237,1.0145832503833128,1.0079607888717872,1.0053724638246981,1.0468511487530414,1.0121759443793341,1.0129088271720725,1.0156064235244604,
BET,,1.0034844686777626,,,,,,,,,,,,,,,,,,,,,
BFF,,,,,,,,,,,,,,,,,,1.0073474614478468,,,,,
BFL,,,,1.0169999127752734,,,,1.0026062996971168,,,1.0010783071749427,,,,1.0119336567603707,,,1.0174462261254802,,,,,
BFM,,,,,,,,,,,1.0018695065494965,,,,,,,,,,,,
BGM,,,,,,,1.0036088161562484,,1.0025577237821104,,,,,,,,,1.008076586495965,,,,,
BGR,,,1.0032921271146893,1.007809011603598,,1.0022726892138127,1.0114156656023592,1.0019710163904447,1.0076865633657943,1.0057604784141592,,,,,,1.01113198230142,1.0061515601105786,1.00237344785789,,,,1.0001264862130028,
BHM,,,,1.0126105876376474,1.0056246481746103,1.0153358058746371,1.0060656213331505,1.0098754248440023,1.0313394896660026,1.0081326546111296,1.0029563588379677,,,,1.0163316053020075,1.032719375824389,1.0044304360013947,1.0134462821029986,1.0350310022595743,,1.0,1.0001659134469658,
BIH,,,,,,,,,,,,,,,,,,1.0081754534701663,,,,,
BIL,,,1.0032507023772035,,,1.0057136503273347,1.002251682494536,1.002717174548695,1.002399918589054,,1.0010577846704054,,1.004557302052875,,1.0006609189508253,,1.0004345352182438,1.0085500950666648,,,,1.007039394567854,
BIS,,,1.0035493894811465,,,1.0033280440596526,1.0031820335387247,1.005263379578246,1.0050641637563835,,1.0014657276230765,,,,1.0053626331422696,,,1.0184059806440968,,,,,
BJI,,,,,,,,,,,,,,,,,,1.0052582704193678,,,,,
BKG,,,,,,,,,,,1.0023278672405918,,,,,,,,1.008087658985711,,,,
BLI,,1.003053563724784,1.008218525452744,,,,,,,,1.0009037985258578,,1.0063155743651568,,,,,1.0041229187700222,1.008897336496628,,,,
BLV,,,1.0118237461878181,,,,,,,,,,,,,,,,,,,,
BMI,,,1.0020428160187986,,1.0109837892534579,1.0025573125284204,1.0046349962869063,1.0073005134120296,1.0097511643825998,,1.0017208089839282,,,,1.0099240998757688,,,1.0078383717288388,,,,,
BNA,,1.0038521319194225,1.0325270520059289,1.0533856764567617,1.0837931278103299,1.0356412551523284,1.0110899623652734,1.0265495157981879,1.041360522439673,1.0178597881608253,1.0089102949531163,,,1.0188418876756848,1.0076641353646159,1.0124099933626578,1.0343537090758113,1.0514495173097387,1.2375285074270885,1.020953700712139,1.0071129544176982,1.0290389461724072,1.0014963465507356
BOI,,1.0051556172028056,1.0047752399651926,1.008596700468125,,1.0074618509225137,1.000271204672925,1.0027225653332408,,,1.0019455726646802,,1.033688254406696,1.0032787657376578,1.0062703365289236,,1.000899077676209,1.0619696744619127,1.0280909200716941,1.0057137056884085,1.0038779196491006,1.0071773519028768,
BOS,1.0136060823848208,1.0125996127191996,1.0038997297870134,1.1915233499990763,,1.1569004637790141,1.0336454061758649,1.0128365870839942,1.0196701813344422,1.0008751478521274,1.0062285483532303,1.0020286413405564,,1.5541544538393883,1.0015335805874637,1.0013248766094707,1.1105032354864948,1.0154335000371677,1.0868080219550909,1.0466193294425017,1.1228108298357642,1.122794785720527,1.0108253966083462
BPT,,,,,1.0037866097820562,,,1.0049078637492501,1.0092680588506544,,,,,,,,,1.0063694354612644,,,,,
BQK,,,,,,,1.0050505147191209,,1.008622550489487,,,,,,,,,1.0080122798146534,,,,,
BQN,,,,,,,,,,,1.0075319437828925,,,1.0165482278964342,,,,,,1.0069694234191593,,1.0064203675806678,
BRD,,,,,,,,,,,,,,,,,,1.0052803449993157,,,,,
BRO,,,,,1.0024328654482968,,,1.0036658392337623,1.0137401430239334,1.0043813102249732,,,,,1.006559530625197,1.0032635721985583,1.001258025037433,1.00397103473747,,,,,
BRW,,1.0035483568818435,,,,,,,,,,,,,,,,,,,,,
BTM,,,,,,,,,,,,,,,,,,1.0031246454906277,,,,,
BTR,,,,,1.0100357124136532,1.002508311970069,1.0052404259874825,1.0067472169673028,1.0620218140790751,1.013098260683862,,,,,1.0051081324985873,1.0065644376294516,1.001091556695996,1.0090302174021166,,,,1.0003834134278622,
BTV,,,,1.0086017821781466,,1.0029943162621702,1.0155812032902087,1.0043968502833855,1.0188276102176193,1.0101345246804392,1.0012845630857268,,,1.011733286537233,1.0047242969223298,1.0114604418558228,1.0101411808975684,1.0046311595346085,,,1.0020450503627838,1.0078343965012317,
BUF,1.0090819379966862,,,1.0131569906532094,1.0212713345776843,1.014019543122871,1.019351377686819,1.0071051894983087,1.015265152825517,1.0131980430487895,1.0118067010575729,,,1.0457606795715941,1.004973020657311,1.0097489588688597,1.0169224744751895,1.0067630240916352,1.045915276971092,,1.007609584969653,1.0090029315933693,
BUR,,1.0069612900374347,,1.011335985523252,,1.002260262375439,,1.0006442060578158,,,1.0033383244109275,,1.0003099481976285,1.0059021834888267,1.009619827908448,,,1.027613943397123,1.1105484416203548,1.0034181816524341,1.0006381286421762,1.0069739889572071,
BWI,1.0283591875978895,1.0033373452717411,1.0038602761032487,1.0400113439232175,1.0186094265274634,1.0347640731238918,1.014211255091599,1.007208547167523,1.0059593401359148,,1.015678140646519,,,1.022569314624649,1.0018884961359031,1.0017498993510607,1.0046569630692508,1.0036957036628549,1.4376574026322204,1.06857060411323,1.0304799569639702,1.0250516346461889,1.0006335705804463
BZN,,1.0048446118772454,1.003206060184379,1.006052973859483,,1.0080537560472247,1.0,1.001524215842455,,,1.0021883935454596,,1.0040459734033134,1.0019510576049913,1.0012806921552246,,1.0003667167846273,1.0133125538456358,1.019376971565183,,,1.0125739087232284,
CAE,,,,1.0100210186620242,1.0052372129275746,1.0075675413007712,1.0068184639946318,1.0060611759881457,1.0382690841017355,1.002383866284701,,,,,1.001555818403782,1.017618249192184,1.004996901784152,1.0028158966221745,,,,,
CAK,1.0228438658744756,,1.0087514785212734,,,1.004757828632804,1.0036740918227418,1.007116436663616,1.0169440582380866,1.0084315854616892,,,,,1.004311225156153,1.0322725517142268,1.0006715544281948,1.0117931300893608,1.0215964843960816,1.0048149459252305,,,
CDB,,1.0018300617845268,,,,,,,,,,,,,,,,,,,,,
CDC,,,,,,,,,,,,,,,,,,1.0029325333085188,,,,,
CDV,,1.0039019268603244,,,,,,,,,,,,,,,,,,,,,
CEC,,,,,,,,,,,,,,,,,,1.0128719663250398,,,,,
CGI,,,,,,,,,,,,,,,,,,1.0081773172538822,,,,,
CHA,,,1.0023823916176708,,1.0089907767620896,1.0057301816759225,1.008110564396929,1.0052212597115204,1.0233356433181995,1.0018427592422028,,,,,1.0073776027482073,1.0127262424103245,1.0016886533456226,1.0162514145817965,,,,,
CHO,,,,,1.0071698311010227,1.002290285338322,1.0124079824530712,1.0081587551863291,1.0097643811279025,,,,,,,1.0075965358029613,1.0050146606092007,1.016635939787019,,,,,
CHS,,1.0010389471342909,1.003442191242596,1.020885038846081,1.0074718026906238,1.0184428218372519,1.0079964977511144,1.0065737255645506,1.0274454302816975,1.0051278194460587,1.0036830738096931,,,1.0271920401626264,1.0112425644426657,1.020841066956452,1.020872973388561,1.0075785373027975,1.023358973937361,1.019521266776516,1.0026385479838553,1.0136353648435212,
CIC,,,,,,,,,,,,,,,,,,1.014266733214368,,,,,
CID,,,1.0068415165958358,1.0305431572823427,1.015335598690013,1.002390305451272,1.0067852008150517,1.01596837545072,1.0139982348905952,1.003599211289573,1.0017893761291732,,,,1.0146627781335598,1.0051909598093653,1.0033565060127165,1.020980720472476,,,,1.0086466431014875,
CIU,,,,,,,1.0037704286629154,,,,,,,,,,,1.0060329676317534,,,,,
CKB,,,1.002185107168664,,,,,,,,,,,,,,,1.0108404157953577,,,,,
CLD,,,,,,,,,,,,,,,,,,1.0144698925371831,,,,,
CLE,,1.0021015703282337,1.0085127849212991,1.0246023077014499,1.0521499237664176,1.015626165707807,1.0222583266499972,1.0188349353511925,1.1164413174353502,1.0630458075436573,1.0370765548881133,,,1.0125220335462963,1.0052754305220786,1.0152356666396636,1.0227481295704561,1.0191374779788642,1.0401599894735143,1.0307038927074343,1.0058489840823568,1.0571210268793232,
CLL,,,,,1.0135978376555155,,,1.0058255246362566,1.0080504754393536,1.0066542636742486,,,,,1.000911612345966,,,1.0068332435648397,,,,1.000218786963032,
CLT,,,,1.644878189849788,1.0459498202984163,1.0335638337616122,1.0185328185328184,1.0292705701256168,1.044537893647282,1.0043275540366357,1.0142665732823775,,,1.011129053927389,1.0377920819104731,1.5992023928215353,1.0653272131970366,1.0145847932167698,1.022538673505718,1.0214545284410317,1.4753103173015403,1.0141308787727215,
CMH,1.007930326169638,1.0019749912658251,,1.0246993008692984,1.0806024845994489,1.0150455213813308,1.0043677787021228,1.0405363281745037,1.0217580417279828,1.0076491288229208,1.0051833493808964,,,,1.0087114530417085,1.0092651582659171,1.0916426463516535,1.0132960978317649,1.0869043816402553,1.017126610811362,1.0042726874302232,1.0109754197090746,
CMI,,,,,1.0332111772789738,,,1.0174796033779538,,,,,,,,,,,,,,,
CMX,,,,,,,,,,,,,,,,,,1.0089851074373761,,,,,
CNY,,,,,,,,,,,,,,,,,,1.0039082457498851,,,,,
COD,,,,,,,,,,,,,,,,,,1.0059575121321283,,,,,
COS,,,1.0003555288149268,1.0130341573549264,,1.003439963695862,,1.000894055367451,1.0054179706890098,1.0018333537179984,1.0119439449568466,,,,1.0039220780578797,,1.0012987437222196,1.0605483126008388,1.048213961495014,,,1.008751261470715,
COU,,,,,1.0116184993493367,,,1.0081269101127437,1.0068158216400058,,,,,,1.0068945942965675,,,1.0117788128918914,,,,,
CPR,,,1.0007475221236921,,,,,,,,,,,,,,1.0010392380744013,1.010285624157712,,,,,
CRP,,,,1.0062219713117766,1.009643719104888,,,1.0082158276807474,1.0174117958079507,1.0071293149967575,,,,,1.0152093723664948,,1.0013144581826596,1.0036459357994436,1.009814373312752,,,1.0020146632845848,
CRW,,,,,,1.0027574542555955,1.0041745558463546,,1.0172140563652596,1.0052189806806553,,,,,,1.0200584209453125,,1.008766975931155,,1.0010627767215434,,,
CSG,,,,,,,1.0064083542960347,,1.0097661731863605,,,,,,1.0026026532477328,1.0058169155057592,,1.0044027077925384,,,,,
CVG,,1.002352611004268,1.0605724845096283,1.015283796934408,1.0501648878830765,1.0424399997566522,1.0794920970546211,1.0375931518656287,1.0270639749516552,1.014138456334257,1.0315029118009593,,,,1.0104210110692529,1.0354170780652527,1.0205064516012268,1.0270915995681995,1.0204543931738466,,,1.011133937996799,
CWA,,,,,1.0081714651661526,,1.0102432759301654,1.0061759616410486,1.0068414878685559,1.000856915605208,,,,,,,,1.0036404293023342,,,,,
CYS,,,,,,,,,,,,,,,,,,1.0052799315061123,,,,,
DAB,,,,1.0051002887532106,,1.0088357084884463,,1.0011314122116044,1.0002522127490507,,,,,1.002416019098525,1.0013482746596838,1.0101375314690593,1.0001258025037434,,,,1.0011623057411065,,
DAL,,1.0068095689142995,,,,1.0092549952469427,1.0021103825809112,,1.0183796766400988,,,,1.0024996410526388,,,,,1.0141255013315154,1.4388113833184322,,,,1.0351921434643419
DAY,1.008155424295065,,1.0028503532889017,1.0075852544463992,1.0156785928351828,1.006301064535317,1.0054885969381289,1.0093219613836866,1.0155815999627846,1.0090559570448263,,,,,1.0058100093516233,1.0541108957650378,1.0027771496109372,1.0137977593074987,1.0111717123197765,,,1.0,
DBQ,,,,,1.0041439292640912,,,1.007021814043796,,,,,,,,,,,,,,,
DCA,1.0148102820756502,1.0095123358007705,,1.1982626514512538,1.0755646868725544,1.059260528317401,1.0132471599205726,1.0177025232633448,1.0347422168079599,1.0330117620782937,1.010967675940194,,,1.1013501223698312,1.0062848718278836,1.29497027272358,1.1864144020808356,1.0106997922812,1.0956285117911502,,1.1182274015015248,1.039021754818733,1.0064410295880066
DDC,,,,,,,,,,,,,,,,,,1.005481970242323,,,,,
DEC,,,,,,,,,,,,,,,,,,1.007979863785581,,,,,
DEN,1.0049451931060835,1.0099614367259193,1.0029446439390144,1.0849851739624754,1.0296490520371118,1.0700129582681384,1.0014646571691854,1.0089117703587727,1.1842248218367621,1.0013537443337595,1.278118536840336,,,1.0161997280871322,,,1.0376734804188419,1.5615623965783798,1.5054381914304182,1.0332037266011462,1.0355893459865126,1.4941952989695786,1.008898065786505
DFW,,1.007539862839635,,2.5019899047220067,1.6625894804493337,1.0648233224642396,1.0141187047334277,1.5286217724729791,1.2431408209149613,1.0011012277139268,1.0268645377768484,,1.0034458946677516,1.0070743397077826,1.3715113428242698,1.0317301002350332,1.0140071340678474,1.1887870815037753,,1.1023972950357974,1.0477641270434856,1.0566982949063302,1.0092954072210332
DHN,,,,,,,1.0047594644574271,,1.0112116046849162,,,,,,,,,1.011355571156921,,,,,
DIK,,,,,,,,,1.0092267060007576,,,,,,,,,1.0038600271334903,,,,,
DLG,,1.0011053884061727,,,,,,,,,,,1.002051507616901,,,,,,,,,,
DLH,,,,,,1.001706139481247,1.004203140656467,1.0044380327709443,,,,,,,,,1.0029519147277812,1.0171627247737647,,,,1.0061129077471096,
DRO,,,,1.0009480768398047,1.0035689623344568,,,1.0046054655718202,1.004341268918805,,1.002186730114886,,,,1.0154223218118728,,1.0054409582868982,1.0129887431131597,,,,1.008711975319615,
DRT,,,,,,,,1.002819269705179,,,,,,,,,,1.0067857108079723,,,,,
DSM,,,1.0154845400600672,1.0156680668027982,1.0304524104169943,1.0043360966687114,1.0192189111858239,1.012451174353527,1.0154184034781049,1.000420999156137,1.0030271557075134,,,,1.0070997888857742,1.006416093438608,1.0077599660343965,1.0163352645012145,1.0087554715340288,,1.001368634002077,1.0119411258531212,
DTW,1.008085465266162,1.0020287595125272,,1.0371043552976722,1.0417689381767297,1.3343189105900972,1.1493713043602325,1.0123542333823483,1.1492317697731307,1.0030614981285357,1.01144841960793,,,1.016072445353338,1.0132172395010746,1.009803854538308,1.0501015442310957,1.2700324599917545,1.0448193833194868,1.1023281352145506,1.0187590003140108,1.0126313161167617,
DVL,,,,,,,,,,,,,,,,,,1.0065607344376122,,,,,
EAR,,,,,,,,,,,,,,,,,,1.0072496883425293,,,,,
EAT,,,,,,,,,,,,,1.0028176418259898,,,,,,,,,,
EAU,,,,,,,,,,,,,,,,,,1.0072771083395924,,,,,
ECP,,,,1.0114577517056647,,1.0139459360764238,1.0020910108185594,1.0024837930226242,1.0081945786209694,1.0045408423855173,,,,,1.0135715841136892,1.0073144619059113,1.001471950067953,1.0044048602105773,1.0173541608125238,,,1.0055881836807716,
EGE,,,,1.016838400005754,,1.0015626554963768,,,,,,,,,,,,1.0108224664258056,,,,1.0061160366359359,
EKO,,,,,,,,,,,,,,,,,,1.0027978965034827,,,,,
ELM,,,1.0021748657483245,,,,1.001923827625826,,1.015490898364665,,,,,,,,,1.0088818390867467,,,,,
ELP,,1.0015689861376682,1.0017595458883535,1.0214949834732279,1.0149413263503828,1.0042210665212759,,1.0077759364377123,1.0124109898133782,1.0025798629390839,1.0029900884947685,,1.0016044377289002,,1.040133943903233,,1.0038755955781,1.0107826412359218,1.0564851584330461,,,1.0046470958689526,
ERI,,,,,,,1.002676233387086,1.0023298206956188,1.0058297609524527,1.0011395154324574,,,,,,1.0032755670978475,,1.0083488807423613,,,,,
ESC,,,,,,,1.003165118065194,,,,,,,,,,,1.006267986030192,,,,,
EUG,,1.002307898589204,1.0068897784259163,1.0086160872061876,,1.0019235020499881,,1.0028205285984186,,,1.0007950561960175,,1.0098720020298568,,1.006702304197877,,,1.0262827633524227,1.0118888835711501,,,1.0105259319526965,
EVV,,,1.0015490706849466,,1.0177946729932563,1.0026509108219201,1.0071877423576794,1.0071280833992697,1.013202388439291,1.0001497648854087,,,,,1.0070451059573247,1.0053146999769818,,1.0056718862689011,,,,,
EWN,,,,,,,1.0037040763071625,1.0033304237705958,1.0059686423027105,,,,,,,1.0111423243379984,,1.0074615470517316,,,,,
EWR,,1.0244663945880512,1.0031355442882057,1.09214615262956,1.018812260274441,1.0641036760899696,1.0190380872574731,1.004938312235495,1.470945640957992,1.3509342887030718,1.0238018727773344,,,1.1552460003808807,,1.0020480890706036,1.2634098511243197,1.0147848328976585,1.0913704256402006,1.0729867972406828,1.04353900199653,1.6638464318937145,1.0257641183520263
EYW,,,1.0035839870564554,1.0220162668935753,1.005267979844251,1.0068469621168377,1.0072087951771003,1.0051129765270923,1.00726570233274,1.0027804176551962,,,,1.004529953682496,1.0046733538794668,,1.0182176343096567,,1.0050138679028129,,,,
FAI,,1.011853220693457,,1.007666659829574,,1.0040913783640826,,,,,1.00076445206726,,1.0093896071634498,,,,,1.003988955165277,,,,1.0048204035049468,
FAR,,,1.0049194892128777,1.0024577068847242,1.0172944257184076,1.005399316302428,1.002401476977748,1.008739218906966,1.009903528623488,1.0004779453299564,1.0017894414108757,,,,1.0099055797512666,,1.001860543822345,1.023757371134507,,,,,
FAT,,1.0020755755640653,1.005576520405169,1.010872220333389,,,,1.0028054869947103,,,1.0011138500387171,,1.0033922704121063,,1.0074282106394723,,,1.0599831882862034,1.0154313965736106,,,1.0060040853133274,
FAY,,,,,,1.0029212524604814,1.0037032352362483,1.0022597857153892,1.0100975653113269,,,,,,1.005099819924004,1.0112287160098947,,1.0059305683176867,,,,,
FCA,,,1.0021500645300887,1.006371663846999,,1.0039942493115097,1.0023793082229713,1.0009721694518052,,,1.0006016641483375,,1.0057819013042895,1.0019356568812678,1.0015429038955475,,1.0022891598909813,1.0101390127837244,,,,1.0084586990228275,
FLG,,,,,,,,,1.0021240567661007,,,,,,1.0018203759033508,,,1.0109083834677746,,,,,
FLL,1.0202083007398404,1.0044688593316793,1.0633235428848589,1.0526667834811247,,1.0809917845081012,1.0016183518120754,,1.0034276624208323,,1.0157079094594905,,,1.2766141504499025,1.0003676836462063,,1.0006664899151618,1.001985795560296,1.1431153783107422,1.2044364316056702,1.0444621085851191,1.0632223503690512,1.0092387027626086
FLO,,,,,,,,1.0008979381607765,,,,,,,,1.0043240812276988,,,,,,,
FNL,,,,,,,,,,,,,,,,,,1.0,,,,,
FNT,1.000109393481516,,1.0141558650658218,,1.010164477657521,1.0035780221855495,1.0033579508884936,1.0051534233730597,1.0074835234207862,1.0017239602364825,,,,,,1.0053699329602963,,1.007654302417773,1.0115252522220841,,,,
FOD,,,,,,,,,,,,,,,,,,1.0065347411666663,,,,,
FOE,,,,,,,,,1.0117314379899758,,,,,,,,,,,,,,
FSD,,,1.0071568272190288,1.0197207796499475,1.0172591007400014,1.0060777023103225,1.003356759238368,1.0071691473917632,1.019065308668142,1.0002663933855436,1.0023743503312652,,,,1.0161191604034843,1.003297605726141,1.0019089162524528,1.0219268384758347,,,,1.004958686261871,
FSM,,,,,1.01039124122858,,1.0033182689393163,1.004148908659258,1.0099841638257,,,,,,1.013069206087167,,,1.0055111239496517,,,,,
FWA,,,1.0058752075091117,,1.0161833981717614,,1.003906375775842,1.00656892662964,1.0060254136021765,,,,,,1.0061556623661354,1.0051767943646452,,1.0413820020562885,,,,,
GCC,,,,,,,,,,,,,,,,,,1.0065147133196717,,,,,
GCK,,,,,1.0053158394924142,,,1.0041901121966894,1.0055354061239,,,,,,,,,1.0064870334538942,,,,,
GEG,,1.0095388836851018,1.003981099335383,1.0090378922369094,,1.0111388481096184,,1.0019574342873103,,,1.0032847216049847,,1.0289398935996457,,,,1.0000656360889095,1.01845555427415,1.0251240362548228,,1.0031997593343407,1.0077461433853587,
GFK,,,1.001771521305146,,,1.0058780764067887,1.00423869353796,,,,,,,,,,,1.0086305175217543,,,,,
GGG,,,,,1.0048178712484304,,,1.0040494959923243,1.0050992715857507,,,,,,,,,1.0045762939767493,,,,,
GJT,,,1.0017811296512507,,1.0073236656844045,,,1.0057522739030456,1.003984885467304,,1.0003947982698298,,,,1.0032063892423113,,1.0038424460382467,1.0133579837832074,,,,1.007682788355695,
GNV,,,,,1.002547956506975,1.0038695918281044,1.0055651616062717,1.005449104361323,1.0152079729615777,,,,,,1.0036209242381768,1.008609968235569,,1.006575133047027,,,,,
GPT,,,1.000802417041047,,1.0071276690300217,1.0050034136327906,1.0054964965159754,1.0050858300289112,1.015507196308077,1.007213892364411,,,,,1.0094142874001333,1.0062297978995647,,1.0033071270106433,,,,,
GRB,,,,1.0018852143314576,1.0118304492197738,1.003819291084659,1.006835573240835,1.0070047220178915,1.0171011124390754,1.0099598713309819,1.0013586530156224,,,,,,1.0022168034134729,1.015894152767116,,,,1.0004961775768757,
GRI,,,1.0019378465383735,,1.0062696139093812,,,1.0042094316029269,1.0078474629448573,,,,,,1.004366623137177,,,1.007415698313155,,,,,
GRK,,,,,1.0189433045491736,,1.0009845413336433,1.011482379051314,1.0173923570152794,1.0051779581250868,,,,,1.004566526701614,,1.0015193539099434,1.006094698290499,,,,,
GRR,1.0016203909449546,,1.0278403729245236,1.0148196784078227,1.0102100582748192,1.017066378995517,1.0079287795986402,1.01641368388143,1.0218036223452809,1.0074212841731183,1.0063173451614393,,,,1.0030900282186226,1.01172129384596,1.010742815254653,1.0173178469984119,1.0171557909524471,,,1.009289884699865,
GSO,,,1.0018166557206154,1.0067238676990216,1.0107182821576952,1.0111066830957751,1.0098201234455446,1.0215883270525314,1.035907337822488,1.0091418143530464,1.0010842368114787,,,,1.0054956412153477,1.0205533728249163,1.0085756870062008,1.010782050335033,,1.0023874812991764,1.0018364845078733,,
GSP,,,1.0048098276100834,1.011388877649406,1.0072347834806727,1.0120684666829136,1.0094961518563845,1.0080699202572223,1.0260640694562808,1.0192953271627696,1.0021907702150556,,,,1.0060954418726031,1.034044967423935,1.0055397636151826,1.0080643632376494,1.0101592038670897,,,1.0115957090406875,
GST,,1.0012647280693887,,,,,,,,,,,,,,,,,,,,,
GTF,,,1.0020050109185688,,,1.0025727726208373,1.0,,,,1.0018277827536617,,1.00221331880831,,,,,1.009947197491755,,,,1.0074179198894606,
GTR,,,,,,,1.004995817978363,,1.0085248777381335,,,,,,,,,1.007534917142157,,,,,
GUC,,,,1.0038240238720886,,,,1.0004156952297605,1.0035123664013115,,,,,,1.0020745692387483,,,1.00601940394503,,,,1.0004586111340474,
GUM,,,,,,,,,,,,,,,,,,,,,,1.003528090458615,
HDN,,,,1.0030544711167024,,1.0022315802735737,,1.0013842482853361,1.0017349422331647,1.0009252865311555,,,1.0009103100426147,1.0018105634093493,,,1.0002643675803302,1.0071367969010632,1.005093426798461,,,1.005610877009384,
HGR,,,1.0018133042046375,,,,,,,,,,,,,,,,,,,,
HHH,,,,,,,,1.003159648391118,,,,,,,1.0074210042921348,,1.0176667382436868,,,,,,
HIB,,,,,,,,,,,,,,,,,,1.0044051218073249,,,,,
HLN,,,,,,,1.0026186064637872,,,,,,1.0021043051652716,,,,,1.007191943350902,,,,,
HNL,,1.0159599966421022,,1.0296121825915079,,1.0230503065174086,,,,,,1.1361233229181622,,,1.0816877590973215,,,,1.0474077247835576,,1.0071688402180379,1.0522011831259124,1.0041846150170688
HOB,,,,,,,,,1.0042978500293123,1.0041335922312395,,,,,,,,1.0077474026373596,,,,,
HOU,1.0088919740710638,,1.0062659674599972,1.0070815186550073,1.0144331024675066,1.0091629848546344,1.002061763255793,1.0064623186302923,1.0099218485254406,,1.0080929726619523,,,1.0088194240281263,1.032066268140136,,1.000995936487968,1.0041166894189915,1.3531880053739171,,,,
HPN,,,,,,1.0038643061302164,1.009248307249825,1.0082700332510603,1.0336846839250078,,,,,1.0567232707204968,,1.025343392975571,1.0052163760739525,1.027569436372877,,,,,
HRL,,,,,,1.001937682686481,1.001933377850403,1.0042038352182547,1.0051798629867055,1.004097191043814,1.0015162491432579,,,,1.0048192665734497,,1.0013621007802642,1.0045887526788109,1.0145979272534478,,,,
HSV,,,,1.008405445668284,1.0108949070497262,1.0112823936262856,1.0023636805827547,1.0068392375649708,1.0175202508649928,1.0054007966985452,1.0014582076668739,,,,1.012494846691393,1.0175634183907871,1.004783296682626,1.010921955547623,,,,,
HTS,,,1.0047454785033094,,,,,1.0030447852355264,,,,,,,,1.0055169121700869,,,,,,,
HVN,,,,,,,,,,,,,,,,1.0106098002885253,1.0020025084533053,,,,,,
HYA,,,,,,,,,,,,,,1.0029774502326994,,,,,,,,,
HYS,,,,,,,,,,,,,,,,,,1.0081959804293557,,,,,
IAD,,1.007097438355902,1.0051920466795246,1.019453731495219,,1.015210214322511,1.0082642421315864,1.0025906365395363,1.1020703041952726,1.0550066889555885,1.0159177400558814,,,1.0215459577969064,1.1500592460369843,1.0112495644704986,1.0338554255410652,1.028453291291642,1.0176517532725706,,,1.1847771172794743,1.0084594369947266
IAG,,,1.0033744403471043,,,,,,,,,,,,,,,,,1.0026993715712877,,,
IAH,,1.0028566615968588,,1.0701817195619372,1.035712413653218,1.0353220401515137,1.0090163258975753,1.0065863991996045,1.4803014648403854,1.2853685965246806,1.0144854448375364,,,1.0086555610483503,1.2687453780702682,1.0011435670428839,1.0485519373035928,1.1464009497493848,1.0593462780714715,1.073177752661689,1.0372330226816089,1.4489960520593181,
ICT,,,1.00304572366,1.0130590328992988,1.0129973130226102,1.0042661100173071,1.0029429885235601,1.0056852902132767,1.017475474611529,1.0091171363622666,1.0016357882998226,,1.0009097131535787,,1.0094283893157951,,1.003037153132165,1.0253029684301675,1.0104852747954651,,,1.0058279039643405,
IDA,,,1.0045013540794852,,,1.0105595096741062,,,,,1.0009777042410486,,1.0034055918061404,,,,,1.0160193644543851,,,,,
IFP,,,1.0020237794080444,,,,,,,,,,,,,,,1.002779015174664,,,,,
ILG,,,,,,,,,,,1.0063337866205775,,,,,,,,,,,,
ILM,,,,1.009346206488718,,1.0028560639489048,1.0069119750374493,1.0056368030058898,1.0097762284708909,,,,,,1.0041009050200382,1.0137665529698388,1.0092164008177162,1.006672287382396,,,1.0019756665342296,,
IMT,,,,,,,,,,,,,,,,,,1.0044556748556013,,,,,
IND,1.0153231310505755,1.0019662038914572,1.0264793893162518,1.0361960579056915,1.0120184692661292,1.0252791610333638,1.0181325939532817,1.0131964593488625,1.0276847285225137,1.0204103926846149,1.0088217706137352,,,,1.0062571895153112,1.0074597102208853,1.0933976341782774,1.0127850994626517,1.089166687055517,1.017030437976555,1.0105592454386436,1.01301030749684,1.0008712409420732
INL,,,,,,,,,,,,,,,,,,1.0042053204898456,,,,,
IPT,,,,,,,,1.0057553126108654,,,,,,,,,,,,,,,
ISN,,,,,,,,,1.0105807806288456,,,,,,,,,1.0077912468501895,,,,,
ISP,,,,,,,,,,,1.0253200953484076,,,,,,,,1.0354784457077308,,,,
ITH,,,,,,,1.0030404670717825,,1.0003145062593584,,,,,,,1.0020048960094496,1.001285373407812,1.0072906197368632,,,,,
ITO,,,,,,,,,,,,1.0127153969046203,,,1.0098490597858167,,,,1.0075547801325693,,,1.0018667892434652,
IYK,,,,,,,,,,,,,,,,,,1.0004193416791445,,,,,
JAC,,1.00098874877524,1.0017685279511739,1.0111123824949961,,1.00789354128154,,,1.0031158909985118,,1.0010907792339616,,,,,,,1.0113777718857748,,,,1.0143716472214253,
JAN,,,,,1.0149401868349504,1.0097158058420281,1.0022114381446288,1.0081422699949005,1.0219866151176697,1.0080090209106145,1.0023190405178768,,,,1.0162927916532773,1.0130774812847996,1.0002522127490507,1.0078922308844829,1.020126481415043,,,,
JAX,1.005904030546521,,1.008200891476438,1.0357114719049267,1.0158996588290794,1.026798314037005,1.0141042284048696,1.010234221493628,1.0193154328724896,1.0074387567430825,1.0070229526640868,,,1.0392449868336997,1.008782753837143,1.0106816836032175,1.0239290197177728,1.003765359697563,1.0371598807769264,1.0069373699528013,1.0141716084478323,1.0143795784319511,
JFK,,1.0223764746279291,,1.1725375537669998,1.0805751362290699,1.2822420382386346,1.1770938104362692,1.054606719038796,1.021238858387859,,,1.0033824887733311,,1.5892585357663664,,1.0062999425508912,1.0706144307430003,1.0519126091265394,,,1.03009153083395,1.0322204534679844,1.0386245267348226
JLN,,,,,1.0054559998906065,,,1.005712011024432,1.0074710137953244,,,,,,1.002815970536689,,,1.0092316703245112,,,,,
JMS,,,,,,,,,,,,,,,,,,1.0092069561853032,,,,,
JNU,,1.021875456689062,,,,1.0015247560571787,,,,,,,,,,,,1.0038287718530572,,,,,
JST,,,,,,,,,,,,,,,,,,1.0101727650424843,,,,,
KOA,,1.0094454041260046,,1.0063546453368237,,1.0044545447576518,,,,,,1.018620669746397,,,1.0306629928689124,,,,1.0150447592896366,,1.0020915558042012,1.011921078680502,1.0030903658528247
KTN,,1.012579044936518,,,,,,,,,,,,,,,,1.001963873453881,,,,,
LAN,,,,,,1.0,1.0048237552917543,1.0043334347502069,1.0103717959491034,1.0014517426609508,,,,,,1.003975440150497,1.003026552988607,1.010976192483908,,,,,
LAR,,,,,,,,,,,,,,,,,,1.0065430411082734,,,,,
LAS,1.0092072846942566,1.0314552216674886,1.130272219511963,1.1245336297655595,,1.076603764849746,,,1.0002279030864916,,1.1247558823623034,1.0055232512926202,1.0052159419728355,1.0452663747284634,,,,1.0233255230380545,1.5036548968660368,1.1688619869748127,1.0431600883431635,1.105040796253454,1.0364356803769907
LAW,,,,,1.0097098109999705,,,1.0052749003160237,1.0099522305221884,,,,,,,,,1.0061874602729648,,,,,
LAX,1.0041162336128184,1.069903414106896,1.020423065883699,1.3306146755310797,1.0840825647301742,1.2307299888423546,,1.0213536075919076,,,1.0155274558801717,1.0125117275129925,1.0169825092668503,1.0753665336145846,,,,1.3185537428344962,1.3077656771284165,1.0891094932329437,1.0524129536547182,1.2430970274035378,1.1142634448984057
LBB,,,,1.007109491045742,1.0069681368694776,,,1.0043807531285396,1.0114373834258954,1.0054767643940423,,,,,1.0241208068680874,,,1.008728485632103,1.018934188425714,,,,
LBE,,,,,,,,,,,,,,,,,,,,1.0103034985402808,,,
LBF,,,,,,,,,,,,,,,,,,1.0064973469189424,,,,,
LBL,,,,,,,,,,,,,,,,,,1.0051210843996221,,,,,
LCH,,,,,1.0051745395787894,,,1.0048914672695315,1.0087115284508181,1.0055942610964115,,,,,1.0012732185765325,,,1.0052313142594538,,,,,
LCK,,,1.0138701818438727,,,,,,,,,,,,,,,,,,,,
LEX,,,1.0087406196095055,1.0212587999079272,1.013342586198645,1.0055671078724062,1.0110708988776278,1.0102915912441888,1.026643747659804,1.0024212423908856,,,,,1.007078669866426,1.0083702588129606,1.0080093966648074,1.0108297741527799,,,,,
LFT,,,,,1.010353637219309,1.00245480513275,1.0037198943785295,1.0052721235367328,1.0227781091309909,1.0077735210545733,1.0015777405101969,,,,1.014695191016972,1.0050525328402453,1.0036741775927205,1.0066224792785983,,,,,
LGA,1.0269619869923436,,,1.203122826032929,1.2095090283807715,1.2689405593529044,1.2802474875583907,1.1809420276407376,1.1860682575106467,1.0231078536163283,1.013825392295139,,,1.1225363048651091,1.0209014478683085,1.0284169102787872,1.3223144872227475,1.0479353034681886,1.1096885877604779,1.0458013326720637,1.1020264647009332,1.0926090407496933,1.017031783690018
LGB,,,,,,1.0012781764682386,,1.0037690105992663,,,,1.0032241242461328,,1.0736595349503921,1.0082772954009989,,,1.007292745555569,1.0366046935304678,,1.0013043068949974,,
LIH,,1.006701722195052,,1.007438201848611,,1.0032229640122379,,,,,,1.0197088310166984,,,1.0211968102684015,,,,1.0171553552914985,,1.0026369377990052,1.0096806218738927,
LIT,,,1.0019100520317692,1.009680411501813,1.0219254164359148,1.0109101162846306,1.0014695191016971,1.0282073345512577,1.0241931191768248,1.0096732198933058,1.0020000324691558,,,,1.0040785222009434,1.0067533046952997,1.002853118739787,1.010845376112262,1.0208732858274059,,,,
LMT,,,,,,,,,,,,,,,,,,1.0025790342005874,,,,,
LNK,,,,,,,1.0020314711372136,,1.0131133864221784,1.0022904260192396,,,,,,,1.0013303842673942,1.011442856798196,,,,1.0005606415927693,
LRD,,,1.0008346615391153,,1.0087788268916527,,,1.0057329299337532,1.0116273473515183,1.0071384311202172,,,,,,,,1.0068952078818003,,,,,
LSE,,,,,1.0039837459518715,,1.0018668518542033,1.0056572057583948,,,,,,,,,,1.009104080140594,,,,,
LWB,,,,,,,,,,,,,,,,,,1.0080301445340656,,,,,
LWS,,,,,,,,,,,,,,,,,,1.0026200190862242,,,,,
LYH,,,,,,,,1.003537055902348,,,,,,,,1.006629799874336,,,,,,,
MAF,,,,1.009065073168286,1.0133961434239704,,,1.0090695299397552,1.0137632014538607,1.0035110098353204,,,,,1.0348757054550124,,1.0081633313835832,1.0093502797548057,1.0240178963818087,,,1.0047594303855372,
MBS,,,,,,,1.0044537472313844,,1.001489979734351,,,,,,,,,1.0159488670780756,,,,,
MCI,1.005911001699755,1.0025533572355791,1.0025083364319387,1.0416123160184059,1.0153014132270393,1.0333671967183913,1.011577336545715,1.007708958642427,1.0315189968617746,1.0035984378003098,1.006347760182592,,1.0006244544569867,1.0094772232389233,1.0176018319200713,1.00418925855969,1.0288042689197434,1.0209648991011822,1.1614143763489484,1.0128564513841518,1.012244142865905,1.0200095896345005,
MCO,1.047594208097772,1.0082231200599299,,1.1524869792468624,,1.1348943677669845,1.0014312313831666,,1.0022555568470064,,1.1779852286027113,1.0011251215533108,,1.2489372982669211,,,1.0013532728101322,1.0008337109273109,1.3133897979239837,1.1853579629952005,1.0696016026145043,1.1093372026380328,1.0021141267030464
MCW,,,,,,,,,,,,,,,,,,1.0069246073799578,,,,,
MDT,,,1.0075610200459533,1.005609701972194,1.011103438373866,1.0038849879477252,1.0031386528192752,1.0052026324325845,1.0074370367197882,1.001636344161009,1.002488262373236,,,,1.0022125591313549,1.00563702977513,1.0046375920482884,1.0106023851002965,,,1.001354548697594,1.0059856673820753,
MDW,1.021691547650983,,1.005472408912834,,,1.0117063126270875,1.008993202827204,,1.013462467873223,,1.033038030907737,,,,,,1.006988751739574,1.0136994378993036,1.5216530628300744,,,,
MEI,,,,,,,,,1.0109769521608631,,,,,,,,,1.013427563662828,,,,,
MEM,1.013029219454719,,1.0098616346737654,1.0305550609807446,1.015173787498604,1.0253214266966768,1.0089246848670073,1.0138170389877954,1.0225177633698341,1.0099467035970957,1.00410929256443,,,,1.0119199625397448,1.0079716477835552,1.0169954034628668,1.015888348432101,1.028079514382558,1.0118289745527436,1.0044150825303049,1.0087869424649765,
MFE,,,1.0038512940404283,1.015340543756984,,,,1.0036327751986744,1.008502349833891,1.0074600276978218,,,,,1.0198236182045948,,1.0008546365743431,1.0024872015829052,,,,1.0054406513153937,
MFR,,,1.004328549915669,,,,,,,,,,1.0119155330387306,,1.003490824133374,,,1.0272513326350459,,,,1.0071358703312328,
MGM,,,,,1.0069373699528013,,1.0078600176061132,1.0057797334456617,1.019053574581022,,,,,,1.0102066397285219,1.0060885412313074,,1.0146959906769246,,,,,
MHK,,,,,1.0162802569835203,,,1.0089948578173593,1.0062901251871654,,,,,,,,,1.007320433181443,,,,,
MHT,,,,1.005718980234758,,1.0028375687368858,1.0078238438977118,1.002923236922731,1.0128392311544347,,,,,,1.0041542710848228,1.0142470263004184,1.0058753415697508,1.0057301560953074,1.0305402943675372,1.0098699872344545,1.0021279636761549,,
MIA,,1.0026436758033015,,1.4835808916484121,1.1309770433220978,1.0701542958516947,1.000831966214687,1.0924975754219366,1.0009040155764162,,1.0384026685063872,,,1.0651494055442057,1.003016423962541,,1.0327042970038465,1.003108598099744,1.0701692153605071,1.1020375625903625,1.0340114639216038,1.0457277560513307,
MKE,1.0131797695524425,1.0015659980749787,1.0020260584389094,1.0161246142434193,1.009387328132585,1.0248531894462487,1.0092538177423642,1.0028780653622547,1.0223328937484977,1.00232881892381,1.0126856508430917,,,1.0092427362854888,1.0032239890309045,1.0089642327555455,1.0089587968128562,1.0624749789250858,1.0907530432172248,1.0139540839431218,1.003244150892057,1.0036690226419547,
MKG,,,,,,,,,,,,,,,,,,1.0062370859234002,,,,,
MLB,,,1.0024916022892243,1.002709008021429,,1.0067373426157318,1.000588901575494,1.0002598095186004,1.0034773452936874,,,,,,1.0,1.0072769455516737,1.0001468708779613,,,,,,
MLI,,,1.0040149820807847,,1.01723061285419,1.0009806344235892,1.0054458202194099,1.0082410791998446,1.0151956393827795,1.0016824312296106,,,,,1.0096972348932884,,1.0020296780761655,1.0119418879853992,,,,,
MLU,,,,,1.008511040765025,,1.0042907314093754,1.0033646422630023,1.0217785530057668,1.0046168100810144,,,,,1.0056793449153683,,,1.0098768133172382,,,,,
MMH,,,,,,,,,,,,,,,,,,1.005494576656954,,,,,
MOB,,,,,1.0084700182094566,1.0034277535820668,1.0060777823803724,1.0053534435016853,1.0296629273132598,1.0079999047871548,,,,,1.0134483079082117,1.0060795861453589,,1.0104224254325977,,,,,
MOD,,,,,,,,,,,,,,,,,,1.0106434885084012,,,,,
MOT,,,1.001901918287091,,,1.0010802606299698,1.0035212694446496,,1.0030238181515692,,1.0013714701293754,,,,,,,1.014951572571792,,,,,
MQT,,,,,1.008715014027435,,1.0035027363787352,1.0071739794493386,,,,,,,,,,1.0095546741132373,,,,,
MRY,,,1.0014833809717816,1.0179105779915292,,,,1.0028048654408381,,,,,1.0010328567879794,,1.0113931456872025,,,1.024842792545113,,,,,
MSN,,,,1.0186210495848746,1.0194982485647803,1.0129675228334476,1.006084100796977,1.012639399175383,1.0222248408733727,1.0095230340613595,1.0030108069571768,,,,1.0046134421798474,1.0091058853517745,1.0063149490925865,1.0226035411280219,,,,1.0121233996455348,
MSO,,,1.002756420800795,1.0041102321648743,,1.004413189281336,,1.002242400623377,,,1.001555680280699,,1.0070813287357685,,,,1.0023580372682321,1.0100494336862573,,,,1.0074149245917523,
MSP,1.0064520704392135,1.0040755852452377,1.0045655924405141,1.0517089124590906,1.0148034449830554,1.3868203230712717,1.0958697748027164,1.0045421640998942,1.0539835465366707,1.0071397478936057,1.0129215399550933,,1.0008217534147208,1.0106667466532984,1.0112556776356423,1.004199004092919,1.0211475295774637,1.3010119104224847,1.0606324672281484,1.0318661984485409,1.026748291643418,1.032358245269038,
MSY,1.006546985371705,1.0024753970918705,1.003596578826114,1.0570181879659146,,1.042254437673337,1.0061564220430903,1.0072341504165434,1.0083312252297831,1.0003717352566328,1.0083632389104034,,,1.0166467948359723,1.0055658344748706,1.0039760768321355,1.0144029308200861,1.002944327360174,1.136285744362464,1.040228576277147,1.0149460825887096,1.0476601569948396,1.0017346680640382
MTJ,,,1.000393650785758,1.003866711013926,1.0023920707958147,1.0007830270255877,,1.0010588947156112,1.001471769038551,1.0010635477369603,1.0,,,1.0005500061153996,1.0041515176855424,,1.0012489089139733,1.0065736680616693,1.003767168958163,,,1.004356576797038,
MVY,,,,,,,1.001999745991651,1.0006016641483375,,,,,,1.008094963121611,,,1.005821696689392,,,,,,
MYR,,,1.0182252199074866,1.008478765194114,,1.0062553935101828,1.0041524802370398,1.001391275608003,1.0060569443449867,1.0058548302919665,1.0047694418425508,,,,1.0051471912084107,1.015341497358134,1.0052094087510226,1.0012904379208452,1.0263143415179843,1.039301799610426,1.0000729289876773,1.0041423285162219,
OAJ,,,,,,1.0015960812823954,1.0056313731837199,1.001554299049872,1.0109895667966153,,,,,,1.0006107802717972,1.0119300603995771,,1.0045471223816784,,,,,
OAK,,1.008714933353776,1.007729534269318,1.0053526295620907,,1.005362759540133,,,,,1.0054580431596578,1.0068379800049934,1.0037102622480816,1.012992982863967,1.0042273664926038,,,1.0096766481790513,1.2485785298378727,1.0214612830347716,1.004348390890258,,
OGD,,,1.0007327960781036,,,,,,,,,,,,,,,,,,,,
OGG,,1.0152466392309978,,1.0189384374663095,,1.0092586664810292,,,,,,1.0461709622600084,,,1.0229398130738885,,,,1.0308582499132786,,1.0049100233660118,1.0227875738121122,1.0047296401963743
OGS,,,1.0008763633352553,,,,,,,,,,,,,,,1.0104677087115477,,,,,
OKC,1.0058817228561727,1.0020070665150351,1.0029343192688975,1.023089518362364,1.0303658072441275,1.008518075624761,1.0033638495566146,1.0115959260912462,1.017475474611529,1.0051597258781675,1.0036705564659019,,1.000993657457103,,1.0249795807600006,1.0042203507925744,1.0093775458308725,1.0448428893568373,1.0525225076428995,,,1.003107359015002,
OMA,,1.001594662608564,1.003098393483931,1.0175623637804259,1.0174607949715462,1.012262994209962,1.0061740236148018,1.0082578611543953,1.0251850338456192,1.0034395835053564,1.0051604792768005,,,,1.0044231740047405,1.0049482714492228,1.015019081521068,1.0268231761918951,1.0526356681175806,,1.002714623025009,1.017514860740949,
OME,,1.0028076153458487,,,,,,,,,,,,,,,,,,,,,
ONT,,1.005298466879944,,1.0238095816597759,,1.0056228082230863,,1.0001207886358405,,,1.0155848476289717,1.0034702043303105,1.0006970328245308,1.0049958296159673,1.0080573081365176,,,1.0275153988559227,1.0783065211002567,,1.006732455351556,1.0067902096740953,
ORD,,1.016747448893345,,1.5575159678602404,1.930862180166506,1.0878282743839398,1.0170964936965443,1.5486348387458908,1.4226988256690196,1.1511605205002624,1.0403537636019295,,1.002506454155435,1.0300653550084362,1.0553972797838216,1.0198216698566396,1.151413046057471,1.707021974735794,1.0978351191745674,1.114690036901016,1.0715821795244138,1.644648177247124,1.013155542879803
ORF,1.0050594485201112,,1.0054770474109471,1.0172611160813447,1.0078045411969014,1.0150018996004784,1.0223262726424882,1.0136871454613965,1.0239838405146446,1.0097223456697273,1.004051444376908,,,,1.0091483147706268,1.0441385270033654,1.0176416326176003,1.007920005187903,1.0220219927231862,1.0110532996948378,1.0040336864543027,1.012345975803701,
ORH,,,,,,,1.0025388403835154,,,,,,,1.0106790611217629,,,1.001121283185538,1.002004718422629,,,,,
OTH,,,,,,,,,,,,,,,,,,1.0045079607207335,,,,,
OTZ,,1.0026105262634482,,,,,,,,,,,,,,,,,,,,,
OWB,,,1.0009310208668802,,,,,,,,,,,,,,,,,,,,
PAE,,1.0044416970950802,,,,,,,,,,,1.018579419287742,,,,,1.0080316086387424,,,,,
PAH,,,,,,,,,,,,,,,,,,1.0082012034936776,,,,,
PBG,,,1.0033895651884635,,,,,,,,,,,,,,,1.0132009394759756,,1.0026804084184184,,,
PBI,1.0046461842566066,,1.0055580608380352,1.0360347552583598,,1.0430363901145585,1.0012866757111634,1.0023452746953887,1.0021823519766455,,1.0100540712733983,,,1.1027298212864987,1.0031341738905615,1.0006563608890955,1.00377094144486,1.0009862206195437,1.022118427748214,1.0048930792669726,1.0226396944354688,1.0282944130424754,
PDX,,1.0786611458368238,1.0031180285722885,1.033385504305174,,1.0355797024840099,,1.0006654770125551,,,1.0089793816077652,1.0048868654990588,1.0541805402670568,1.0112816743049564,1.0005074642059213,,,1.046742584010022,1.0824121669509523,1.0084403031531795,1.0154839338728294,1.0545266986864852,1.007254969182619
PGD,,,1.0955576191956604,,,,,,,,1.0046557344811835,,,,,,,,,,,,
PGV,,,,,,,,1.000831846265694,,,,,,,,1.0105285863533509,,,,,,,
PHF,,,,,,1.002077017569049,1.0035009420286425,,1.0090993156070314,,1.0010635477369603,,,,,1.0099339916693826,1.0001458579753546,,,,,,
PHL,1.0128038635203707,1.0031939581648663,,1.3137573811170389,1.0107786764756155,1.0463043320251884,1.014204367353874,1.0073403985689124,1.0028734435514097,1.0013601256201814,1.0828191819710586,,,1.024291278376783,1.0079425744996198,1.1482784401937391,1.0878118635890097,1.005526763798962,1.0684486013465153,1.0434556839818667,1.320297375874318,1.0377928649621035,1.0050768880606429
PHX,,1.014714854721294,1.0041109753271127,1.3671233938694785,,1.0494066769162784,,1.0194280445053112,1.0006750272371319,,1.0407598454651326,1.003654032707804,1.0047536785457352,1.0119926747804309,1.1365313395670087,,,1.1244023877236857,1.4122702795747433,1.0119424723522876,1.276177716448727,1.06175337371437,
PIA,,,1.0078467032679024,,1.011355271284439,,1.0071997840781044,1.007650317510689,1.01228591008505,1.0022170412253895,,,,,1.0113497336392674,1.0061090092637242,1.002654615151453,1.0127698657422917,,,,,
PIB,,,,,,,,,1.0080216188867845,,,,,,,,,1.0101788203584308,,,,,
PIE,,,1.1080052835979088,,,,,,,,,,,,,,,,,,,,
PIH,,,,,,,,,,,,,,,,,,1.0035824858399198,,,,,
PIR,,,,,,,,,,,,,,,,,,1.0077669371876303,,,,,
PIT,1.0101258681934566,1.0019657400886848,1.0172078895758603,1.042366317370342,1.0206787865528062,1.0171083268385663,1.0180694590003974,1.0114038560787864,1.0184517141900726,1.0023720153242035,1.0029671121427834,,,1.0145041291236356,1.0086504999229513,1.0100861062080766,1.0748050322610225,1.0116410617548994,1.0723782532765354,1.0211711171941245,1.0274898684692018,1.0190946321986039,
PLN,,,,,,,1.0046291674928152,,,,,,,,,,,1.009082615546403,,,,,
PNS,1.0028784159823876,,,1.014722205870639,1.0191244875029344,1.0147070193755106,,1.009581903744193,1.0115966474651614,1.0051647903912009,1.0022737014388925,,,,1.0118006793791008,1.0222268517829596,1.0030821043659395,1.0031790527110536,1.011726811256883,1.0102187780450849,,1.006998903786154,
PPG,,,,,,,,,,,,1.0015924289893428,,,,,,,,,,,
PRC,,,,,,,,,,,,,,,,,,1.0084779948174838,,,,,
PSC,,1.0042189419371306,1.0030355350514277,,,1.0015996310456214,1.0028487885811437,,,,,,1.0104485968386803,,,,,1.0234408683687712,,,,,
PSE,,,,,,,,,,,1.0033068737849917,,,1.01033538444058,,,,,,1.0057089723166122,,,
PSG,,1.0049433497907614,,,,,,,,,,,,,,,,,,,,,
PSM,,,1.0028654121003937,,,,,,,,1.0009321236237503,,,,,,,,,,,,
PSP,,1.010508397050264,1.0009470132920677,1.0112670012170968,,1.0025714074042806,,1.002196985753778,1.0,1.0017776440746338,1.0015009803277766,,1.002501724738001,1.0032341447123025,1.006540818582306,,,1.0431591187518792,1.021084789198359,,,1.0081631006379783,1.0050360636816713
PUB,,,,,,,,,,,,,,,,,,1.0077376945578311,,,,,
PUW,,,,,,,,,,,,,1.005121742030419,,,,,,,,,,
PVD,,,1.001661547561162,1.0150177901614423,,1.0086397246149335,1.0053787248440704,1.0039711010064274,1.0103054269510126,1.0098811181533165,1.009567103449635,,,1.0149148972529576,1.0063807501792057,1.017559150460291,1.00878981986406,1.0052784450491996,1.0482230876637886,,1.0111050237866415,1.0039972129524368,
PVU,,,1.016603142032823,,,,,,,,,,,,,,,,,,,,
PWM,,,,1.0091786340205262,,1.0061456461212417,1.0156478259185064,1.0049956356558936,1.0195272806967683,1.008462567531629,1.0039616753371796,,,1.0131592302154548,1.006371450604345,1.0088688661418233,1.015234114786205,1.0028863925904148,1.0090321948519405,,1.003120092342367,1.010596758350608,
RAP,,,1.0030115381970266,1.00235925275136,1.0035917526431062,1.0026878890020807,1.0019293624150696,1.0036642475296662,1.0091972089788537,1.0002825998272495,,,,,1.0108782701244123,1.0012478149791582,1.0028134961603214,1.0191976519276844,,,,1.0063817539152726,
RDD,,,,,,,,,,,,,1.0019297393976185,,,,,1.0113748879013464,,,,,
RDM,,1.0032738278374504,1.0012342054890384,,,,,,,,,,1.0156804920275702,,,,,1.0279271312088734,,,,1.0075339397968524,
RDU,1.0065035497246326,1.0022683793943463,1.0029148804762262,1.0747730815113472,1.07413915306655,1.0520467364061412,1.0468033017475267,1.0193852293523429,1.0234346961223582,1.0031044544072625,1.0216986914924975,,,1.0386115292630482,1.0078262621141447,1.0133737674845695,1.0434491871970482,1.0110921308745746,1.070103366104102,1.013083683641307,1.0273808713408796,1.0319124592978743,1.0012382734366039
RFD,,,1.0057617922084225,,,,,,,,1.0021103825809115,,,,,,,,,,,,
RHI,,,,,,,,,,,,,,,,,,1.006449393658188,,,,,
RIC,1.0052950652495303,,1.0037191102502632,1.0223546935595322,1.012588226982358,1.0144929034840033,1.0182460551651484,1.0142271920288617,1.080959488081406,1.0220988857467481,,,,1.0249073588079636,1.005064462388014,1.006128244934215,1.0143648335877176,1.0121448100090769,1.0090767232650462,1.0068043574241399,1.006848586837368,1.0080303535202952,
RIW,,,,,,,,,,,,,,,,,,1.0057866665506432,,,,,
RKS,,,,,,,,,,,,,,,,,,1.0057464727335712,,,,,
RNO,,1.0041645901307739,1.0022605304967176,1.0175193811327474,,1.0039755339067713,,1.0051768186096544,,,1.0021528295307702,,1.006958261069063,1.006011809937942,1.0058976520824285,,,1.0291480136936981,1.054025537915794,1.0072788739624055,1.004783983050352,1.0120639253985484,
ROA,,,1.0019281941723572,,,1.0030333024261686,1.0035626867422203,1.0030868206937016,1.0131726489545618,1.004074907186468,,,,,1.0017776440746335,1.0021140290302952,1.0025139915953754,1.0065169962596803,,,,,
ROC,,,1.0010732426619096,1.0054542812771674,1.0095514183548588,1.0080312281618808,1.0165791898653016,1.0081193557957295,1.0164668023628456,1.0082797191322361,1.0045179507866075,,,1.0134810137799812,1.003009661348079,1.0112181942809464,1.0108200221773513,1.0077832561740703,1.0148604113371953,1.0030994819762844,1.0022812013705007,1.0089082594193322,
ROW,,,,,1.006929393344774,,,1.00555367264196,1.003309828084261,,,,,,1.0,,,1.0066750281776844,,,,,
RST,,,,,1.003205456911503,1.0048133131867005,1.0040938274427051,1.006409623287456,1.0084499711787005,1.0042335277346661,,,,,,,1.001206367004495,1.0113739418065246,,,,,
RSW,1.0224674906301667,1.0017616908585794,,1.0370680414835602,,1.0379905027698417,1.0042790531027315,1.0024100751396476,1.0008911010681818,1.0,1.0219700835573706,,,1.0526963167075396,1.0019723976212718,1.0013195588707857,1.004269553304042,1.0006412281241526,1.0564428927697331,1.029834091812336,1.021461732743203,1.0322722824850092,
SAF,,,,,1.0059744794123746,,,1.0060983219495743,1.0101315741494088,,,,,,1.0023230921283035,,,1.0089099457141237,,,,,
SAN,,1.0396917522230864,1.0052341465951382,1.074822052422494,1.010286405808794,1.0418601088288093,,1.0025616306921645,,,1.0158413363574001,1.003857288957213,1.008702479357678,1.0123365259165458,1.0002324611482214,,,1.0533098092144157,1.2274135280597576,1.016726333447811,1.022030895929641,1.0672677243291047,1.0166154373085818
SAT,1.0050377977268947,1.0019630554782224,1.0012714750556522,1.0634892041648705,1.0086819680798937,1.0242654631726222,1.0028607745953222,1.0022843629371272,1.0079320998950172,1.0006581841137874,1.0112017474779933,,,1.0078315427582358,1.005708260119467,1.0014275849337828,1.0027698364404662,1.0227085648974663,1.1135711522759335,1.012520995571843,1.007529917977679,1.0331065961312265,
SAV,,,1.0169332673570906,1.0142352411515072,1.006488400872413,1.017055061555211,1.012518821727018,1.00523640856374,1.027424382761357,1.0117263734769426,1.0016335735744673,,,1.0119984038856882,1.0084203528676081,1.0290424946754464,1.0115271340224237,1.005163986675002,1.020378486252506,,,1.0069755274409966,
SBA,,1.0017731873031646,,1.0080770453172492,,,,1.0029964697811902,,,1.001781665893807,,1.002881938120997,,1.0088821429575288,,,1.0405957552428586,1.0160805274337554,,,1.0087540831279764,
SBN,,,1.0060059166322466,,,1.0001783589372544,1.0034441490270891,,1.0160492034720097,1.0016010191826028,1.0004011094322252,,,,1.00389030568641,1.005479842059655,1.0001412999136248,1.0425110665940416,,,,1.0008186278866773,
SBP,,,,1.0189955150744425,,,,1.0030470642663913,,,,,1.0014913977980004,,1.0101050246784362,,,1.0334248317138184,,,,,
SCC,,1.0032829439609101,,,,,,,,,,,1.0043012909190496,,,,,,,,,,
SCE,,,1.0009993550342653,,,,1.0025181537956647,1.0051357960540859,1.0076938182807142,1.0002096708395722,,,,,,1.000164090222274,1.0023109372970238,1.0090963910911588,,,,,
SCK,,,1.0070363067044663,,,,,,,,,,,,,,,1.0060964075636476,,,,,
SDF,1.0035256607480236,,1.0093021996267484,1.0105911859010772,1.0109974634386474,1.0121298686715057,1.0022202318686002,1.0095533830366388,1.0209444277092081,1.0030468889563247,1.0013771976332058,,,,1.0283845229962103,1.0129727961754271,1.04454271983029,1.0144765547336667,1.036068130817803,1.016683808234529,1.0001944773004727,1.008813265580278,
SEA,,1.350909652567772,,1.0697792540121727,,1.151612584793368,,,,,1.0094845353912116,1.006680433162182,1.1792643896109618,1.0174858548935775,,,1.000642686703906,1.1018954323004182,1.0910016647661243,1.0129511753088782,1.0230665668252972,1.0811355329672834,1.0188399342206578
SFB,,,1.1551763963186412,,,,,,,,,,,,,,,,,,,,
SFO,1.0039934318330472,1.1061591411843235,,1.1455001110038712,,1.1082849307672802,,,,,1.0286723177968031,1.004502149505944,1.0163831932109189,1.0623657361232965,,,,1.5032084328361033,1.1703210549886263,,1.0557114049343397,1.5263819200300122,1.2486263141461724
SGF,,,1.0077906659207532,,1.0418908663280027,1.0029333659487973,1.005030842753393,1.034433544445852,1.0147824644930343,1.003025851748341,,,,,,1.0039547094104815,,1.008682347918371,,,,,
SGU,,,1.0006411673499962,,,,,,,,,,,,,,,1.0152149645647397,,,,,
SHD,,,,,,,,,,,,,,,,,,1.012067924235898,,,,,
SHR,,,,,,,,,,,,,,,,,,1.0053528219478132,,,,,
SHV,,,1.0015301681348319,,1.0046731527885082,1.0010192414164896,1.006876690756023,1.0070468759790512,1.0465484010520543,1.005034632406249,,,,,1.0057011223214107,1.008107987453533,,1.0097385573325808,,,,,
SIT,,1.0070264216712252,,,,,,,,,,,,,,,,1.0026019335537757,,,,,
SJC,,1.0233515152908939,,1.0237318309208472,1.0078637959993892,1.0150733971307528,,1.0043601116204202,,,1.006808528741238,1.0055697900865344,1.0066156467623708,1.0101326154784387,1.001415070982488,,,1.0338114005524257,1.1719591696364227,1.0145128685477787,1.0062845762424508,1.0112943495874758,1.00284058407003
SJT,,,,,1.0080119330056088,,,1.0075011356103514,1.0074920510033083,,,,,,,,,1.0050930642253688,,,,,
SJU,1.002516050074866,,1.0015047890690136,1.0463801992675346,,1.0171478802668004,,1.000214228901302,,,1.0342620384107861,,,1.129116402970553,,,,,1.029895460477527,1.0304131409620911,1.0233761186697317,1.0192379587545515,
SLC,,1.007841628115136,,1.036386140380805,1.012170024818646,1.2556864692411915,1.007001182817019,1.0027912219496669,1.0046758116578505,1.0015001087604174,1.0167906186350175,,1.0028746175976129,1.022652286019579,1.003865405163997,,1.003860678285166,1.2762232872390864,1.084559127035497,1.0190897322822443,1.014384053759762,1.016702669560186,1.0
SLN,,,,,,,,,,,,,,,,,,1.010826167972639,,,,,
SMF,,1.009388438429673,,1.030841653820749,,1.0156587125287537,,1.0012967685621366,,,1.0045499917188985,1.0050587472798451,1.0077411081711614,1.0091174367994804,1.0019652842825117,,1.0017837214902734,1.0444467523555903,1.1703401159740419,1.0084393853534193,1.0104934508084564,1.0302940836942631,
SMX,,,1.0018500368197545,,,,,,,,,,,,,,,1.0061877441083107,,,,,
SNA,1.0015735831571906,1.0123402435272795,1.0132254366604758,1.037170428357789,,1.018747722264039,,,,,1.0064708655192292,,1.0053481257630006,,1.0011486315559173,,,1.0200450747101162,1.091498455824744,1.0101180926763877,1.0063582979365158,1.0371154302575778,
SPI,,,1.0012097231892512,,1.0048281268873225,,,1.0044192059942343,1.00599758049796,,,,,,,,,1.0107031576801373,,,,,
SPN,,,,,,,,,,,,,,,,,,,,,,1.001063685860043,
SPS,,,,,1.0094180950492613,,,1.0057365485900776,1.0080454854044534,,,,,,,,,1.006814716655344,,,,,
SRQ,,,1.0286145298035,1.0128350134674444,,1.0144085981769675,1.0014307972820495,1.0024133945976466,1.0005508743176337,1.0,1.002597455458041,,,1.008433573029439,1.004526025067386,1.0071813283015054,1.006143532040564,1.0022005898025876,1.0413880827123525,,1.0011076090003488,1.0077839960721242,
STC,,,1.0007315689076377,,,,,,,,,,,,,,,1.0115920625913035,,,,,
STL,1.0051629433335063,1.0022482922006875,,1.066486977325696,1.0429150627986954,1.0257061873785651,1.0103746480107074,1.0129348573340762,1.026898596934757,1.0237110371185756,1.0151170189116052,,,,1.005323237298952,1.0143910828359348,1.01516078361661,1.0186403629588323,1.2265465169128669,1.0135182343631624,1.009708275131344,1.0083341423892904,
STS,,1.0028508604273847,,,,,,1.0028633977533548,,,,,1.0045992824619954,,1.0029445078774701,,,1.0154432901105033,,,,,
STT,,,,1.01473278560876,,1.004355759756721,,,,,1.00159730337141,,,1.00751944573668,,,,,,1.0045023131286728,1.0071597240945782,1.0040102223452239,
STX,,,,1.0052206004877164,,1.00071188636835,,,,,,,,1.0033389874017244,,,,,,1.0025777592182854,1.0005515254693094,,
SUN,,,,,,,,,,,,,1.0011581275178543,,,,,1.007243400477538,,,,,
SUX,,,,,1.0090204041633335,,,1.0073786799950368,1.0042344393470122,,1.001208797970751,,,,,,,1.0082844725394686,,,,,
SWF,,,1.003298830146645,,,,1.0031541787170424,,1.0008512180280458,,1.0059018612016335,,,1.0103032453146292,,,,1.006026897122268,,,,,
SWO,,,,,,,,1.0036473764472666,,,,,,,,,,1.0053437058243533,,,,,
SYR,,,1.007097840537819,1.0084547726924602,1.0168910372553175,1.007722582267604,1.0154989084222648,1.008641401330498,1.0137464438739716,1.0064806521674723,1.005304260545278,,,1.0199172983019544,1.0044506693485857,1.0098371135822384,1.0103200305578246,1.0093323515108437,1.0111307867442447,,1.00411374979947,1.0089906524513153,
TBN,,,,,,,,,,,,,,,,,,1.0037866974370895,,,,,
TLH,,,,,1.0097998327191344,1.0073054334374851,1.0050392273008009,1.0106164068584578,1.0109610382384444,,,,,,1.0064771225914662,1.0117411648341248,1.002092348510589,1.0038063613828856,,,,,
TOL,,,1.0031576642936593,,1.012820308292102,,,1.0046359858536495,,,,,,,,1.0065994446866242,,1.007637285653982,,,,,
TPA,1.0223790106083523,1.002963068633343,,1.0976336822529587,1.0077749137956575,1.0814233312451007,1.0018465214518844,1.006323648996017,1.001096539421862,,1.0411775296672843,,,1.0681483719912532,1.0005834319014182,,1.003438867655918,1.005930038310509,1.1976146532869851,1.0533096875115595,1.0481953593184468,1.063640787969836,
TRI,,,1.0018807367061113,,,1.0023287455382008,1.0051860771725432,1.0026479939670454,1.0106482833525585,,,,,,1.0024066565933503,1.0071618291704303,,1.008217516783163,,,,,
TTN,,,1.0008272882039642,,,,,,,,1.0352529610308514,,,,,,,,,,,,
TUL,,,1.0039167156323152,1.0289565751010454,1.0130497307325033,1.0043955802352253,1.0027672993311934,1.0081340404065002,1.0343787784153253,1.0128708938399271,1.002925215616195,,,,1.0084380358096523,1.002583088644308,1.003236911837497,1.0186109050722807,1.0381100671329038,,,1.005377924704202,
TUS,,1.0018409068279528,1.00133855079466,1.0316133600405615,1.0078094790971088,1.0057589386319614,,1.0006729844083455,1.0033117357175034,1.00068891847288,1.0007910190556282,,1.0012637226145953,,1.0174502237745344,,1.0008651635264334,1.050332603836272,1.0331183491499016,,1.0001101531584708,1.0049689478741712,
TVC,,,1.0019950438014869,1.010702328941641,1.0081224660025572,1.0038629885356318,1.004472887203177,1.0062627768167864,1.008502356871557,1.0021030896821437,,,,,1.0021833115685885,1.0010924154612493,1.004191296762732,1.014177130291474,,,,1.0056682753368815,
TWF,,,,,,,,,,,,,,,,,,1.004522501314351,,,,,
TXK,,,,,1.0035028704393745,,,1.0057387773046766,1.00861719101031,,,,,,,,,1.0084224693382295,,,,,
TYR,,,,,1.0108413498244007,,,1.007293249387861,1.0099192317020087,,1.000911612345966,,,,,,,1.0086043182425677,,,,,
TYS,,,1.0303190200810772,1.024880939629232,1.0206423220589675,1.006319246137106,1.023434681211504,1.0092806934779055,1.0616347810139568,1.0212380354044912,1.0015199507989794,,,,1.0064429193434132,1.0346621826064095,1.0060707857318028,1.0153472287959733,,,,1.0021747899749198,
UIN,,,,,,,,,,,,,,,,,,1.0112279085211036,,,,,
USA,,,1.0118197243686446,,,,,,,,,,,,,,,,,,,,
UST,,,,,,,,,,,1.003017713111313,,,,,,,,,,,,
VCT,,,,,,,,,,,,,,,,,,1.0063619816897298,,,,,
VEL,,,,,,,,,,,,,,,,,,1.0038686696920949,,,,,
VLD,,,,,,,1.0088498566869424,,1.008501064191137,,,,,,,,,1.005994231013204,,,,,
VPS,,,1.0301919305951985,1.018217416211005,1.008284277193966,1.0109092122062708,1.0024297507727813,1.0046670408420977,1.016536647955823,1.0051850484433333,,,,,1.0098366170769542,1.008182071425178,1.0012027067428029,1.0009650067833726,1.0144594741103723,,,,
WRG,,1.005090187184339,,,,,,,,,,,,,,,,,,,,,
WYS,,,,,,,,,,,,,,,,,,1.0022155620053563,,,,,
XNA,,,1.006622729632804,1.0068938151407163,1.0675402191971886,1.0030021140193324,1.0078704613841791,1.038905259073699,1.0278510977756525,1.0058282415985427,1.0017258072941768,,,,1.0020773598887869,1.00536483865601,1.0105789763960773,1.0134336122364953,,,,1.0003609984890027,
XWA,,,,,,,,,,,,,,,,,,1.0124609649290608,,,,,
YAK,,1.0035998893483429,,,,,,,,,,,,,,,,,,,,,
YKM,,,,,,,,,,,,,1.0030204755729673,,,,,,,,,,
YNG,,,1.0010848186916996,,,,,,,,,,,,,,,,,,,,
YUM,,,,,,,,1.0012072352067292,,,,,,,1.0042621572899637,,,1.009881275111365,,,,,
